--------------------------------------------------------
-- Archivo creado  - lunes-enero-10-2022   
--------------------------------------------------------
DROP SEQUENCE "PAGOS"."CLIENTES_SEQ";
DROP SEQUENCE "PAGOS"."CLIENTES_SEQ1";
DROP SEQUENCE "PAGOS"."CONTRATO_SEQ";
DROP SEQUENCE "PAGOS"."CONTRATO_SEQ1";
DROP SEQUENCE "PAGOS"."CONTRATO_SEQ2";
DROP SEQUENCE "PAGOS"."CONTRATO_SEQ3";
DROP SEQUENCE "PAGOS"."CONTRATO_SEQ4";
DROP SEQUENCE "PAGOS"."CONTRATO_SEQ5";
DROP SEQUENCE "PAGOS"."FACTURA_SEQ";
DROP SEQUENCE "PAGOS"."FACTURA_SEQ1";
DROP SEQUENCE "PAGOS"."FACTURA_SEQ2";
DROP SEQUENCE "PAGOS"."FACTURA_SEQ3";
DROP SEQUENCE "PAGOS"."FECHASPAGO_SEQ";
DROP SEQUENCE "PAGOS"."PRODUCTO_SEQ";
DROP SEQUENCE "PAGOS"."CLIENTES_SEQ1";
DROP SEQUENCE "PAGOS"."CONTRATO_SEQ5";
DROP SEQUENCE "PAGOS"."FACTURA_SEQ3";
DROP SEQUENCE "PAGOS"."PRODUCTO_SEQ";
DROP TABLE "PAGOS"."CLIENTES" cascade constraints;
DROP TABLE "PAGOS"."CONTRATO" cascade constraints;
DROP TABLE "PAGOS"."FACTURA" cascade constraints;
DROP TABLE "PAGOS"."FECHASPAGO" cascade constraints;
DROP TABLE "PAGOS"."PRODUCTO" cascade constraints;
DROP TABLE "PAGOS"."STOCK" cascade constraints;
DROP TABLE "PAGOS"."CLIENTES" cascade constraints;
DROP TABLE "PAGOS"."CONTRATO" cascade constraints;
DROP TABLE "PAGOS"."FACTURA" cascade constraints;
DROP TABLE "PAGOS"."PRODUCTO" cascade constraints;
--------------------------------------------------------
--  DDL for Sequence CLIENTES_SEQ
--------------------------------------------------------

   CREATE SEQUENCE  "PAGOS"."CLIENTES_SEQ"  MINVALUE 1 MAXVALUE 9999999999999999999999999999 INCREMENT BY 1 START WITH 21 CACHE 20 NOORDER  NOCYCLE ;
--------------------------------------------------------
--  DDL for Sequence CLIENTES_SEQ1
--------------------------------------------------------

   CREATE SEQUENCE  "PAGOS"."CLIENTES_SEQ1"  MINVALUE 1 MAXVALUE 9999999999999999999999999999 INCREMENT BY 1 START WITH 121 CACHE 20 NOORDER  NOCYCLE ;
--------------------------------------------------------
--  DDL for Sequence CONTRATO_SEQ
--------------------------------------------------------

   CREATE SEQUENCE  "PAGOS"."CONTRATO_SEQ"  MINVALUE 1 MAXVALUE 9999999999999999999999999999 INCREMENT BY 1 START WITH 1 CACHE 20 NOORDER  NOCYCLE ;
--------------------------------------------------------
--  DDL for Sequence CONTRATO_SEQ1
--------------------------------------------------------

   CREATE SEQUENCE  "PAGOS"."CONTRATO_SEQ1"  MINVALUE 1 MAXVALUE 9999999999999999999999999999 INCREMENT BY 1 START WITH 1 CACHE 20 NOORDER  NOCYCLE ;
--------------------------------------------------------
--  DDL for Sequence CONTRATO_SEQ2
--------------------------------------------------------

   CREATE SEQUENCE  "PAGOS"."CONTRATO_SEQ2"  MINVALUE 1 MAXVALUE 9999999999999999999999999999 INCREMENT BY 1 START WITH 1 CACHE 20 NOORDER  NOCYCLE ;
--------------------------------------------------------
--  DDL for Sequence CONTRATO_SEQ3
--------------------------------------------------------

   CREATE SEQUENCE  "PAGOS"."CONTRATO_SEQ3"  MINVALUE 1 MAXVALUE 9999999999999999999999999999 INCREMENT BY 1 START WITH 21 CACHE 20 NOORDER  NOCYCLE ;
--------------------------------------------------------
--  DDL for Sequence CONTRATO_SEQ4
--------------------------------------------------------

   CREATE SEQUENCE  "PAGOS"."CONTRATO_SEQ4"  MINVALUE 1 MAXVALUE 9999999999999999999999999999 INCREMENT BY 1 START WITH 41 CACHE 20 NOORDER  NOCYCLE ;
--------------------------------------------------------
--  DDL for Sequence CONTRATO_SEQ5
--------------------------------------------------------

   CREATE SEQUENCE  "PAGOS"."CONTRATO_SEQ5"  MINVALUE 1 MAXVALUE 9999999999999999999999999999 INCREMENT BY 1 START WITH 41 CACHE 20 NOORDER  NOCYCLE ;
--------------------------------------------------------
--  DDL for Sequence FACTURA_SEQ
--------------------------------------------------------

   CREATE SEQUENCE  "PAGOS"."FACTURA_SEQ"  MINVALUE 1 MAXVALUE 9999999999999999999999999999 INCREMENT BY 1 START WITH 1 CACHE 20 NOORDER  NOCYCLE ;
--------------------------------------------------------
--  DDL for Sequence FACTURA_SEQ1
--------------------------------------------------------

   CREATE SEQUENCE  "PAGOS"."FACTURA_SEQ1"  MINVALUE 1 MAXVALUE 9999999999999999999999999999 INCREMENT BY 1 START WITH 41 CACHE 20 NOORDER  NOCYCLE ;
--------------------------------------------------------
--  DDL for Sequence FACTURA_SEQ2
--------------------------------------------------------

   CREATE SEQUENCE  "PAGOS"."FACTURA_SEQ2"  MINVALUE 1 MAXVALUE 9999999999999999999999999999 INCREMENT BY 1 START WITH 41 CACHE 20 NOORDER  NOCYCLE ;
--------------------------------------------------------
--  DDL for Sequence FACTURA_SEQ3
--------------------------------------------------------

   CREATE SEQUENCE  "PAGOS"."FACTURA_SEQ3"  MINVALUE 1 MAXVALUE 9999999999999999999999999999 INCREMENT BY 1 START WITH 41 CACHE 20 NOORDER  NOCYCLE ;
--------------------------------------------------------
--  DDL for Sequence FECHASPAGO_SEQ
--------------------------------------------------------

   CREATE SEQUENCE  "PAGOS"."FECHASPAGO_SEQ"  MINVALUE 1 MAXVALUE 9999999999999999999999999999 INCREMENT BY 1 START WITH 21 CACHE 20 NOORDER  NOCYCLE ;
--------------------------------------------------------
--  DDL for Sequence PRODUCTO_SEQ
--------------------------------------------------------

   CREATE SEQUENCE  "PAGOS"."PRODUCTO_SEQ"  MINVALUE 1 MAXVALUE 9999999999999999999999999999 INCREMENT BY 1 START WITH 121 CACHE 20 NOORDER  NOCYCLE ;
--------------------------------------------------------
--  DDL for Sequence CLIENTES_SEQ1
--------------------------------------------------------

   CREATE SEQUENCE  "PAGOS"."CLIENTES_SEQ1"  MINVALUE 1 MAXVALUE 9999999999999999999999999999 INCREMENT BY 1 START WITH 121 CACHE 20 NOORDER  NOCYCLE ;
--------------------------------------------------------
--  DDL for Sequence CONTRATO_SEQ5
--------------------------------------------------------

   CREATE SEQUENCE  "PAGOS"."CONTRATO_SEQ5"  MINVALUE 1 MAXVALUE 9999999999999999999999999999 INCREMENT BY 1 START WITH 41 CACHE 20 NOORDER  NOCYCLE ;
--------------------------------------------------------
--  DDL for Sequence FACTURA_SEQ3
--------------------------------------------------------

   CREATE SEQUENCE  "PAGOS"."FACTURA_SEQ3"  MINVALUE 1 MAXVALUE 9999999999999999999999999999 INCREMENT BY 1 START WITH 41 CACHE 20 NOORDER  NOCYCLE ;
--------------------------------------------------------
--  DDL for Sequence PRODUCTO_SEQ
--------------------------------------------------------

   CREATE SEQUENCE  "PAGOS"."PRODUCTO_SEQ"  MINVALUE 1 MAXVALUE 9999999999999999999999999999 INCREMENT BY 1 START WITH 121 CACHE 20 NOORDER  NOCYCLE ;
--------------------------------------------------------
--  DDL for Table CLIENTES
--------------------------------------------------------

  CREATE TABLE "PAGOS"."CLIENTES" 
   (	"CCLIENTE" NUMBER, 
	"NCLIENTE" VARCHAR2(50 BYTE), 
	"ACLIENTE" VARCHAR2(50 BYTE), 
	"DCLIENTE" VARCHAR2(100 BYTE), 
	"NITCLIENTE" VARCHAR2(30 BYTE), 
	"TCLIENTE" LONG
   ) SEGMENT CREATION IMMEDIATE 
  PCTFREE 10 PCTUSED 40 INITRANS 1 MAXTRANS 255 NOCOMPRESS LOGGING
  STORAGE(INITIAL 65536 NEXT 1048576 MINEXTENTS 1 MAXEXTENTS 2147483645
  PCTINCREASE 0 FREELISTS 1 FREELIST GROUPS 1 BUFFER_POOL DEFAULT FLASH_CACHE DEFAULT CELL_FLASH_CACHE DEFAULT)
  TABLESPACE "SYSTEM" ;
--------------------------------------------------------
--  DDL for Table CONTRATO
--------------------------------------------------------

  CREATE TABLE "PAGOS"."CONTRATO" 
   (	"CCONTRATO" NUMBER, 
	"CCLIENTE" NUMBER, 
	"CFACTURA" NUMBER, 
	"FECHAINICIAL" DATE, 
	"CUOTAS" NUMBER, 
	"CUOTASPAGADAS" NUMBER, 
	"CUOTASRESTANTES" NUMBER, 
	"MCUOTA" BINARY_DOUBLE, 
	"SALDO" BINARY_DOUBLE
   ) SEGMENT CREATION IMMEDIATE 
  PCTFREE 10 PCTUSED 40 INITRANS 1 MAXTRANS 255 NOCOMPRESS LOGGING
  STORAGE(INITIAL 65536 NEXT 1048576 MINEXTENTS 1 MAXEXTENTS 2147483645
  PCTINCREASE 0 FREELISTS 1 FREELIST GROUPS 1 BUFFER_POOL DEFAULT FLASH_CACHE DEFAULT CELL_FLASH_CACHE DEFAULT)
  TABLESPACE "SYSTEM" ;
--------------------------------------------------------
--  DDL for Table FACTURA
--------------------------------------------------------

  CREATE TABLE "PAGOS"."FACTURA" 
   (	"CFACTURA" NUMBER, 
	"FECHA" DATE, 
	"CCLIENTE" NUMBER, 
	"NOMBRE" VARCHAR2(100 BYTE), 
	"DIRECCION" VARCHAR2(100 BYTE), 
	"NITCLIENTE" VARCHAR2(30 BYTE), 
	"CPRODUCTO" NUMBER, 
	"NPRODUCTO" VARCHAR2(100 BYTE), 
	"PPRODUCTO" BINARY_DOUBLE, 
	"CUOTAS" NUMBER, 
	"MCUOTAS" BINARY_DOUBLE
   ) SEGMENT CREATION IMMEDIATE 
  PCTFREE 10 PCTUSED 40 INITRANS 1 MAXTRANS 255 NOCOMPRESS LOGGING
  STORAGE(INITIAL 65536 NEXT 1048576 MINEXTENTS 1 MAXEXTENTS 2147483645
  PCTINCREASE 0 FREELISTS 1 FREELIST GROUPS 1 BUFFER_POOL DEFAULT FLASH_CACHE DEFAULT CELL_FLASH_CACHE DEFAULT)
  TABLESPACE "SYSTEM" ;
--------------------------------------------------------
--  DDL for Table FECHASPAGO
--------------------------------------------------------

  CREATE TABLE "PAGOS"."FECHASPAGO" 
   (	"CCONTRATO" NUMBER, 
	"FECHA1" DATE, 
	"FECHA2" DATE, 
	"FECHA3" DATE, 
	"FECHA4" DATE, 
	"FECHA5" DATE, 
	"FECHA6" DATE, 
	"FECHA7" DATE, 
	"FECHA8" DATE, 
	"FECHA9" DATE, 
	"COLUMN4" DATE, 
	"COLUMN5" DATE, 
	"COLUMN6" DATE
   ) SEGMENT CREATION IMMEDIATE 
  PCTFREE 10 PCTUSED 40 INITRANS 1 MAXTRANS 255 NOCOMPRESS LOGGING
  STORAGE(INITIAL 65536 NEXT 1048576 MINEXTENTS 1 MAXEXTENTS 2147483645
  PCTINCREASE 0 FREELISTS 1 FREELIST GROUPS 1 BUFFER_POOL DEFAULT FLASH_CACHE DEFAULT CELL_FLASH_CACHE DEFAULT)
  TABLESPACE "SYSTEM" ;
--------------------------------------------------------
--  DDL for Table PRODUCTO
--------------------------------------------------------

  CREATE TABLE "PAGOS"."PRODUCTO" 
   (	"CPRODUCTO" NUMBER, 
	"NPRODUCTO" VARCHAR2(100 BYTE), 
	"PPRODUCTO" BINARY_DOUBLE
   ) SEGMENT CREATION IMMEDIATE 
  PCTFREE 10 PCTUSED 40 INITRANS 1 MAXTRANS 255 NOCOMPRESS LOGGING
  STORAGE(INITIAL 65536 NEXT 1048576 MINEXTENTS 1 MAXEXTENTS 2147483645
  PCTINCREASE 0 FREELISTS 1 FREELIST GROUPS 1 BUFFER_POOL DEFAULT FLASH_CACHE DEFAULT CELL_FLASH_CACHE DEFAULT)
  TABLESPACE "SYSTEM" ;
--------------------------------------------------------
--  DDL for Table STOCK
--------------------------------------------------------

  CREATE TABLE "PAGOS"."STOCK" 
   (	"CPRODUCTO" NUMBER, 
	"CANTIDAD_STOCK" NUMBER
   ) SEGMENT CREATION IMMEDIATE 
  PCTFREE 10 PCTUSED 40 INITRANS 1 MAXTRANS 255 NOCOMPRESS LOGGING
  STORAGE(INITIAL 65536 NEXT 1048576 MINEXTENTS 1 MAXEXTENTS 2147483645
  PCTINCREASE 0 FREELISTS 1 FREELIST GROUPS 1 BUFFER_POOL DEFAULT FLASH_CACHE DEFAULT CELL_FLASH_CACHE DEFAULT)
  TABLESPACE "SYSTEM" ;
--------------------------------------------------------
--  DDL for Table CLIENTES
--------------------------------------------------------

  CREATE TABLE "PAGOS"."CLIENTES" 
   (	"CCLIENTE" NUMBER, 
	"NCLIENTE" VARCHAR2(50 BYTE), 
	"ACLIENTE" VARCHAR2(50 BYTE), 
	"DCLIENTE" VARCHAR2(100 BYTE), 
	"NITCLIENTE" VARCHAR2(30 BYTE), 
	"TCLIENTE" LONG
   ) SEGMENT CREATION IMMEDIATE 
  PCTFREE 10 PCTUSED 40 INITRANS 1 MAXTRANS 255 NOCOMPRESS LOGGING
  STORAGE(INITIAL 65536 NEXT 1048576 MINEXTENTS 1 MAXEXTENTS 2147483645
  PCTINCREASE 0 FREELISTS 1 FREELIST GROUPS 1 BUFFER_POOL DEFAULT FLASH_CACHE DEFAULT CELL_FLASH_CACHE DEFAULT)
  TABLESPACE "SYSTEM" ;
--------------------------------------------------------
--  DDL for Table CONTRATO
--------------------------------------------------------

  CREATE TABLE "PAGOS"."CONTRATO" 
   (	"CCONTRATO" NUMBER, 
	"CCLIENTE" NUMBER, 
	"CFACTURA" NUMBER, 
	"FECHAINICIAL" DATE, 
	"CUOTAS" NUMBER, 
	"CUOTASPAGADAS" NUMBER, 
	"CUOTASRESTANTES" NUMBER, 
	"MCUOTA" BINARY_DOUBLE, 
	"SALDO" BINARY_DOUBLE
   ) SEGMENT CREATION IMMEDIATE 
  PCTFREE 10 PCTUSED 40 INITRANS 1 MAXTRANS 255 NOCOMPRESS LOGGING
  STORAGE(INITIAL 65536 NEXT 1048576 MINEXTENTS 1 MAXEXTENTS 2147483645
  PCTINCREASE 0 FREELISTS 1 FREELIST GROUPS 1 BUFFER_POOL DEFAULT FLASH_CACHE DEFAULT CELL_FLASH_CACHE DEFAULT)
  TABLESPACE "SYSTEM" ;
--------------------------------------------------------
--  DDL for Table FACTURA
--------------------------------------------------------

  CREATE TABLE "PAGOS"."FACTURA" 
   (	"CFACTURA" NUMBER, 
	"FECHA" DATE, 
	"CCLIENTE" NUMBER, 
	"NOMBRE" VARCHAR2(100 BYTE), 
	"DIRECCION" VARCHAR2(100 BYTE), 
	"NITCLIENTE" VARCHAR2(30 BYTE), 
	"CPRODUCTO" NUMBER, 
	"NPRODUCTO" VARCHAR2(100 BYTE), 
	"PPRODUCTO" BINARY_DOUBLE, 
	"CUOTAS" NUMBER, 
	"MCUOTAS" BINARY_DOUBLE
   ) SEGMENT CREATION IMMEDIATE 
  PCTFREE 10 PCTUSED 40 INITRANS 1 MAXTRANS 255 NOCOMPRESS LOGGING
  STORAGE(INITIAL 65536 NEXT 1048576 MINEXTENTS 1 MAXEXTENTS 2147483645
  PCTINCREASE 0 FREELISTS 1 FREELIST GROUPS 1 BUFFER_POOL DEFAULT FLASH_CACHE DEFAULT CELL_FLASH_CACHE DEFAULT)
  TABLESPACE "SYSTEM" ;
--------------------------------------------------------
--  DDL for Table PRODUCTO
--------------------------------------------------------

  CREATE TABLE "PAGOS"."PRODUCTO" 
   (	"CPRODUCTO" NUMBER, 
	"NPRODUCTO" VARCHAR2(100 BYTE), 
	"PPRODUCTO" BINARY_DOUBLE
   ) SEGMENT CREATION IMMEDIATE 
  PCTFREE 10 PCTUSED 40 INITRANS 1 MAXTRANS 255 NOCOMPRESS LOGGING
  STORAGE(INITIAL 65536 NEXT 1048576 MINEXTENTS 1 MAXEXTENTS 2147483645
  PCTINCREASE 0 FREELISTS 1 FREELIST GROUPS 1 BUFFER_POOL DEFAULT FLASH_CACHE DEFAULT CELL_FLASH_CACHE DEFAULT)
  TABLESPACE "SYSTEM" ;
REM INSERTING into PAGOS.CLIENTES
SET DEFINE OFF;
Insert into PAGOS.CLIENTES (CCLIENTE,NCLIENTE,ACLIENTE,DCLIENTE,NITCLIENTE,TCLIENTE) values (1,'Edgar Fernando','Ajset','Siquinala','47855-K','45784512');
Insert into PAGOS.CLIENTES (CCLIENTE,NCLIENTE,ACLIENTE,DCLIENTE,NITCLIENTE,TCLIENTE) values (21,'Martha','Perez','4ta Calle 6-21 Zona1 Guatemala','4755-M','74851200');
Insert into PAGOS.CLIENTES (CCLIENTE,NCLIENTE,ACLIENTE,DCLIENTE,NITCLIENTE,TCLIENTE) values (22,'Sofía','Rodriguez','Casa 26 Sur Zona 2 - Antigua Guatemala','7455-MS','41520100');
Insert into PAGOS.CLIENTES (CCLIENTE,NCLIENTE,ACLIENTE,DCLIENTE,NITCLIENTE,TCLIENTE) values (23,'Lucrecia','Morales','Ciudad Capital','5555-L','41520021');
Insert into PAGOS.CLIENTES (CCLIENTE,NCLIENTE,ACLIENTE,DCLIENTE,NITCLIENTE,TCLIENTE) values (41,'Rigoberto','Oliva','6ta. av 6-21 El Progreso','545454-S','47521245');
Insert into PAGOS.CLIENTES (CCLIENTE,NCLIENTE,ACLIENTE,DCLIENTE,NITCLIENTE,TCLIENTE) values (61,'Jorge','Medina','Ciudad Capital','5454-S','22541200');
Insert into PAGOS.CLIENTES (CCLIENTE,NCLIENTE,ACLIENTE,DCLIENTE,NITCLIENTE,TCLIENTE) values (81,'Jorge','Ramos','Escuintla','4548-ks','41525555');
Insert into PAGOS.CLIENTES (CCLIENTE,NCLIENTE,ACLIENTE,DCLIENTE,NITCLIENTE,TCLIENTE) values (82,'Marcos','Garcia','Guatemala','C/F','41521122');
Insert into PAGOS.CLIENTES (CCLIENTE,NCLIENTE,ACLIENTE,DCLIENTE,NITCLIENTE,TCLIENTE) values (83,'Luis','Rodriguez','Ciudad','C/F','41521121');
REM INSERTING into PAGOS.CONTRATO
SET DEFINE OFF;
Insert into PAGOS.CONTRATO (CCONTRATO,CCLIENTE,CFACTURA,FECHAINICIAL,CUOTAS,CUOTASPAGADAS,CUOTASRESTANTES,MCUOTA,SALDO) values (4,1,4,to_date('08/11/20','DD/MM/RR'),12,0,12,'375.0','4500.0');
Insert into PAGOS.CONTRATO (CCONTRATO,CCLIENTE,CFACTURA,FECHAINICIAL,CUOTAS,CUOTASPAGADAS,CUOTASRESTANTES,MCUOTA,SALDO) values (5,1,5,to_date('08/11/20','DD/MM/RR'),3,0,3,'500.0','1500.0');
Insert into PAGOS.CONTRATO (CCONTRATO,CCLIENTE,CFACTURA,FECHAINICIAL,CUOTAS,CUOTASPAGADAS,CUOTASRESTANTES,MCUOTA,SALDO) values (6,22,6,to_date('08/11/20','DD/MM/RR'),6,0,6,'900.0','5400.0');
Insert into PAGOS.CONTRATO (CCONTRATO,CCLIENTE,CFACTURA,FECHAINICIAL,CUOTAS,CUOTASPAGADAS,CUOTASRESTANTES,MCUOTA,SALDO) values (7,22,7,to_date('08/11/20','DD/MM/RR'),10,0,10,'540.0','5400.0');
Insert into PAGOS.CONTRATO (CCONTRATO,CCLIENTE,CFACTURA,FECHAINICIAL,CUOTAS,CUOTASPAGADAS,CUOTASRESTANTES,MCUOTA,SALDO) values (2,61,2,to_date('08/11/20','DD/MM/RR'),10,0,10,'150.0','1500.0');
Insert into PAGOS.CONTRATO (CCONTRATO,CCLIENTE,CFACTURA,FECHAINICIAL,CUOTAS,CUOTASPAGADAS,CUOTASRESTANTES,MCUOTA,SALDO) values (3,61,3,to_date('08/11/20','DD/MM/RR'),6,0,6,'750.0','4500.0');
Insert into PAGOS.CONTRATO (CCONTRATO,CCLIENTE,CFACTURA,FECHAINICIAL,CUOTAS,CUOTASPAGADAS,CUOTASRESTANTES,MCUOTA,SALDO) values (21,1,21,to_date('08/01/22','DD/MM/RR'),6,0,6,'833.33','5000.0');
Insert into PAGOS.CONTRATO (CCONTRATO,CCLIENTE,CFACTURA,FECHAINICIAL,CUOTAS,CUOTASPAGADAS,CUOTASRESTANTES,MCUOTA,SALDO) values (22,82,22,to_date('08/01/22','DD/MM/RR'),3,0,3,'1800.0','5400.0');
Insert into PAGOS.CONTRATO (CCONTRATO,CCLIENTE,CFACTURA,FECHAINICIAL,CUOTAS,CUOTASPAGADAS,CUOTASRESTANTES,MCUOTA,SALDO) values (23,1,23,to_date('08/01/22','DD/MM/RR'),10,0,10,'450.0','4500.0');
Insert into PAGOS.CONTRATO (CCONTRATO,CCLIENTE,CFACTURA,FECHAINICIAL,CUOTAS,CUOTASPAGADAS,CUOTASRESTANTES,MCUOTA,SALDO) values (24,21,24,to_date('08/01/22','DD/MM/RR'),6,0,6,'700.0','4200.0');
Insert into PAGOS.CONTRATO (CCONTRATO,CCLIENTE,CFACTURA,FECHAINICIAL,CUOTAS,CUOTASPAGADAS,CUOTASRESTANTES,MCUOTA,SALDO) values (25,21,25,to_date('08/01/22','DD/MM/RR'),12,0,12,'268.57','3222.79');
Insert into PAGOS.CONTRATO (CCONTRATO,CCLIENTE,CFACTURA,FECHAINICIAL,CUOTAS,CUOTASPAGADAS,CUOTASRESTANTES,MCUOTA,SALDO) values (26,61,26,to_date('09/01/22','DD/MM/RR'),3,0,3,'900.0','2700.0');
Insert into PAGOS.CONTRATO (CCONTRATO,CCLIENTE,CFACTURA,FECHAINICIAL,CUOTAS,CUOTASPAGADAS,CUOTASRESTANTES,MCUOTA,SALDO) values (28,83,28,to_date('09/01/22','DD/MM/RR'),10,0,10,'500.0','5000.0');
Insert into PAGOS.CONTRATO (CCONTRATO,CCLIENTE,CFACTURA,FECHAINICIAL,CUOTAS,CUOTASPAGADAS,CUOTASRESTANTES,MCUOTA,SALDO) values (27,21,27,to_date('09/01/22','DD/MM/RR'),3,0,3,'1400.0','4200.0');
Insert into PAGOS.CONTRATO (CCONTRATO,CCLIENTE,CFACTURA,FECHAINICIAL,CUOTAS,CUOTASPAGADAS,CUOTASRESTANTES,MCUOTA,SALDO) values (29,21,29,to_date('09/01/22','DD/MM/RR'),10,0,10,'420.0','4200.0');
Insert into PAGOS.CONTRATO (CCONTRATO,CCLIENTE,CFACTURA,FECHAINICIAL,CUOTAS,CUOTASPAGADAS,CUOTASRESTANTES,MCUOTA,SALDO) values (30,1,30,to_date('09/01/22','DD/MM/RR'),10,0,10,'150.0','1500.0');
Insert into PAGOS.CONTRATO (CCONTRATO,CCLIENTE,CFACTURA,FECHAINICIAL,CUOTAS,CUOTASPAGADAS,CUOTASRESTANTES,MCUOTA,SALDO) values (31,21,31,to_date('09/01/22','DD/MM/RR'),6,0,6,'416.67','2500.0');
Insert into PAGOS.CONTRATO (CCONTRATO,CCLIENTE,CFACTURA,FECHAINICIAL,CUOTAS,CUOTASPAGADAS,CUOTASRESTANTES,MCUOTA,SALDO) values (32,22,32,to_date('09/01/22','DD/MM/RR'),10,0,10,'250.0','2500.0');
Insert into PAGOS.CONTRATO (CCONTRATO,CCLIENTE,CFACTURA,FECHAINICIAL,CUOTAS,CUOTASPAGADAS,CUOTASRESTANTES,MCUOTA,SALDO) values (33,81,33,to_date('09/01/22','DD/MM/RR'),3,0,3,'833.33','2500.0');
Insert into PAGOS.CONTRATO (CCONTRATO,CCLIENTE,CFACTURA,FECHAINICIAL,CUOTAS,CUOTASPAGADAS,CUOTASRESTANTES,MCUOTA,SALDO) values (34,23,34,to_date('09/01/22','DD/MM/RR'),3,0,3,'50.0','150.0');
REM INSERTING into PAGOS.FACTURA
SET DEFINE OFF;
Insert into PAGOS.FACTURA (CFACTURA,FECHA,CCLIENTE,NOMBRE,DIRECCION,NITCLIENTE,CPRODUCTO,NPRODUCTO,PPRODUCTO,CUOTAS,MCUOTAS) values (4,to_date('08/11/20','DD/MM/RR'),1,'Edgar Ajset','Siquinala','47855-K',21,'Refrigerador Mabe MB745','4500.0',12,'375.0');
Insert into PAGOS.FACTURA (CFACTURA,FECHA,CCLIENTE,NOMBRE,DIRECCION,NITCLIENTE,CPRODUCTO,NPRODUCTO,PPRODUCTO,CUOTAS,MCUOTAS) values (5,to_date('08/11/20','DD/MM/RR'),1,'Edgar Ajset','Siquinala','47855-K',3,'MESA','1500.0',3,'500.0');
Insert into PAGOS.FACTURA (CFACTURA,FECHA,CCLIENTE,NOMBRE,DIRECCION,NITCLIENTE,CPRODUCTO,NPRODUCTO,PPRODUCTO,CUOTAS,MCUOTAS) values (6,to_date('08/11/20','DD/MM/RR'),22,'Sofia Rodriguez','Casa 26 Sur Zona 2 - Antigua Guatemala','7455-MS',23,'Amueblado Roble','5400.0',6,'900.0');
Insert into PAGOS.FACTURA (CFACTURA,FECHA,CCLIENTE,NOMBRE,DIRECCION,NITCLIENTE,CPRODUCTO,NPRODUCTO,PPRODUCTO,CUOTAS,MCUOTAS) values (7,to_date('08/11/20','DD/MM/RR'),22,'Sofia Rodriguez','Casa 26 Sur Zona 2 - Antigua Guatemala','7455-MS',23,'Amueblado Roble','5400.0',10,'540.0');
Insert into PAGOS.FACTURA (CFACTURA,FECHA,CCLIENTE,NOMBRE,DIRECCION,NITCLIENTE,CPRODUCTO,NPRODUCTO,PPRODUCTO,CUOTAS,MCUOTAS) values (2,to_date('08/11/20','DD/MM/RR'),61,'Jorge  Medina','Ciudad Capital','5454-S',3,'MESA','1500.0',10,'150.0');
Insert into PAGOS.FACTURA (CFACTURA,FECHA,CCLIENTE,NOMBRE,DIRECCION,NITCLIENTE,CPRODUCTO,NPRODUCTO,PPRODUCTO,CUOTAS,MCUOTAS) values (3,to_date('08/11/20','DD/MM/RR'),61,'Jorge  Medina','Ciudad Capital','5454-S',21,'Refrigerador Mabe MB745','4500.0',6,'750.0');
Insert into PAGOS.FACTURA (CFACTURA,FECHA,CCLIENTE,NOMBRE,DIRECCION,NITCLIENTE,CPRODUCTO,NPRODUCTO,PPRODUCTO,CUOTAS,MCUOTAS) values (21,to_date('08/01/22','DD/MM/RR'),1,'Edgar Ajset','Siquinala','47855-K',81,'Dell G15','5000.0',6,'833.33');
Insert into PAGOS.FACTURA (CFACTURA,FECHA,CCLIENTE,NOMBRE,DIRECCION,NITCLIENTE,CPRODUCTO,NPRODUCTO,PPRODUCTO,CUOTAS,MCUOTAS) values (22,to_date('08/01/22','DD/MM/RR'),82,'Marcos Garcia','Guatemala','C/F',23,'Amueblado Roble','5400.0',3,'1800.0');
Insert into PAGOS.FACTURA (CFACTURA,FECHA,CCLIENTE,NOMBRE,DIRECCION,NITCLIENTE,CPRODUCTO,NPRODUCTO,PPRODUCTO,CUOTAS,MCUOTAS) values (23,to_date('08/01/22','DD/MM/RR'),1,'Edgar Ajset','47855-K','47855-K',21,'Refrigerador Mabe MB745','4500.0',10,'450.0');
Insert into PAGOS.FACTURA (CFACTURA,FECHA,CCLIENTE,NOMBRE,DIRECCION,NITCLIENTE,CPRODUCTO,NPRODUCTO,PPRODUCTO,CUOTAS,MCUOTAS) values (24,to_date('08/01/22','DD/MM/RR'),21,'Martha Perez','4755-M','4755-M',61,'Lavadora 6KG MABE','4200.0',6,'700.0');
Insert into PAGOS.FACTURA (CFACTURA,FECHA,CCLIENTE,NOMBRE,DIRECCION,NITCLIENTE,CPRODUCTO,NPRODUCTO,PPRODUCTO,CUOTAS,MCUOTAS) values (25,to_date('08/01/22','DD/MM/RR'),21,'Martha Perez','4755-M','4755-M',22,'Estufa 4 Ornillas DS44','3222.79',12,'268.57');
Insert into PAGOS.FACTURA (CFACTURA,FECHA,CCLIENTE,NOMBRE,DIRECCION,NITCLIENTE,CPRODUCTO,NPRODUCTO,PPRODUCTO,CUOTAS,MCUOTAS) values (26,to_date('09/01/22','DD/MM/RR'),61,'Jorge  Medina','5454-S','5454-S',41,'Ropero Doble Cuerpo','2700.0',3,'900.0');
Insert into PAGOS.FACTURA (CFACTURA,FECHA,CCLIENTE,NOMBRE,DIRECCION,NITCLIENTE,CPRODUCTO,NPRODUCTO,PPRODUCTO,CUOTAS,MCUOTAS) values (29,to_date('09/01/22','DD/MM/RR'),21,'Martha Perez','4ta Calle 6-21 Zona1 Guatemala','4755-M',61,'Lavadora 6KG MABE','4200.0',10,'420.0');
Insert into PAGOS.FACTURA (CFACTURA,FECHA,CCLIENTE,NOMBRE,DIRECCION,NITCLIENTE,CPRODUCTO,NPRODUCTO,PPRODUCTO,CUOTAS,MCUOTAS) values (27,to_date('09/01/22','DD/MM/RR'),21,'Martha Perez','4ta Calle 6-21 Zona1 Guatemala','4755-M',61,'Lavadora 6KG MABE','4200.0',3,'1400.0');
Insert into PAGOS.FACTURA (CFACTURA,FECHA,CCLIENTE,NOMBRE,DIRECCION,NITCLIENTE,CPRODUCTO,NPRODUCTO,PPRODUCTO,CUOTAS,MCUOTAS) values (30,to_date('09/01/22','DD/MM/RR'),1,'Edgar Ajset','Siquinala','47855-K',3,'MESA','1500.0',10,'150.0');
Insert into PAGOS.FACTURA (CFACTURA,FECHA,CCLIENTE,NOMBRE,DIRECCION,NITCLIENTE,CPRODUCTO,NPRODUCTO,PPRODUCTO,CUOTAS,MCUOTAS) values (28,to_date('09/01/22','DD/MM/RR'),83,'Luis Rodriguez','Ciudad','C/F',81,'Dell G15','5000.0',10,'500.0');
Insert into PAGOS.FACTURA (CFACTURA,FECHA,CCLIENTE,NOMBRE,DIRECCION,NITCLIENTE,CPRODUCTO,NPRODUCTO,PPRODUCTO,CUOTAS,MCUOTAS) values (31,to_date('09/01/22','DD/MM/RR'),21,'Martha Perez','4ta Calle 6-21 Zona1 Guatemala','4755-M',102,'Equipo SONY','2500.0',6,'416.67');
Insert into PAGOS.FACTURA (CFACTURA,FECHA,CCLIENTE,NOMBRE,DIRECCION,NITCLIENTE,CPRODUCTO,NPRODUCTO,PPRODUCTO,CUOTAS,MCUOTAS) values (32,to_date('09/01/22','DD/MM/RR'),22,'Sofia Rodriguez','Casa 26 Sur Zona 2 - Antigua Guatemala','7455-MS',102,'Equipo SONY','2500.0',10,'250.0');
Insert into PAGOS.FACTURA (CFACTURA,FECHA,CCLIENTE,NOMBRE,DIRECCION,NITCLIENTE,CPRODUCTO,NPRODUCTO,PPRODUCTO,CUOTAS,MCUOTAS) values (33,to_date('09/01/22','DD/MM/RR'),81,'Jorge Ramos','Escuintla','4548-ks',102,'Equipo SONY','2500.0',3,'833.33');
Insert into PAGOS.FACTURA (CFACTURA,FECHA,CCLIENTE,NOMBRE,DIRECCION,NITCLIENTE,CPRODUCTO,NPRODUCTO,PPRODUCTO,CUOTAS,MCUOTAS) values (34,to_date('09/01/22','DD/MM/RR'),23,'Lucrecia Morales','Ciudad Capital','5555-L',103,'Regulador Xtech','150.0',3,'50.0');
REM INSERTING into PAGOS.FECHASPAGO
SET DEFINE OFF;
Insert into PAGOS.FECHASPAGO (CCONTRATO,FECHA1,FECHA2,FECHA3,FECHA4,FECHA5,FECHA6,FECHA7,FECHA8,FECHA9,COLUMN4,COLUMN5,COLUMN6) values (4,to_date('08/12/20','DD/MM/RR'),to_date('08/01/21','DD/MM/RR'),to_date('08/02/21','DD/MM/RR'),to_date('08/03/21','DD/MM/RR'),to_date('08/04/21','DD/MM/RR'),to_date('08/05/21','DD/MM/RR'),to_date('08/06/21','DD/MM/RR'),to_date('08/07/21','DD/MM/RR'),to_date('08/08/21','DD/MM/RR'),to_date('08/09/21','DD/MM/RR'),to_date('08/10/21','DD/MM/RR'),to_date('08/11/21','DD/MM/RR'));
Insert into PAGOS.FECHASPAGO (CCONTRATO,FECHA1,FECHA2,FECHA3,FECHA4,FECHA5,FECHA6,FECHA7,FECHA8,FECHA9,COLUMN4,COLUMN5,COLUMN6) values (5,to_date('08/12/20','DD/MM/RR'),to_date('08/01/21','DD/MM/RR'),to_date('08/02/21','DD/MM/RR'),null,null,null,null,null,null,null,null,null);
Insert into PAGOS.FECHASPAGO (CCONTRATO,FECHA1,FECHA2,FECHA3,FECHA4,FECHA5,FECHA6,FECHA7,FECHA8,FECHA9,COLUMN4,COLUMN5,COLUMN6) values (6,to_date('08/12/20','DD/MM/RR'),to_date('08/01/21','DD/MM/RR'),to_date('08/02/21','DD/MM/RR'),to_date('08/03/21','DD/MM/RR'),to_date('08/04/21','DD/MM/RR'),to_date('08/05/21','DD/MM/RR'),null,null,null,null,null,null);
Insert into PAGOS.FECHASPAGO (CCONTRATO,FECHA1,FECHA2,FECHA3,FECHA4,FECHA5,FECHA6,FECHA7,FECHA8,FECHA9,COLUMN4,COLUMN5,COLUMN6) values (7,to_date('08/12/20','DD/MM/RR'),to_date('08/01/21','DD/MM/RR'),to_date('08/02/21','DD/MM/RR'),to_date('08/03/21','DD/MM/RR'),to_date('08/04/21','DD/MM/RR'),to_date('08/05/21','DD/MM/RR'),to_date('08/06/21','DD/MM/RR'),to_date('08/07/21','DD/MM/RR'),to_date('08/08/21','DD/MM/RR'),to_date('08/09/21','DD/MM/RR'),null,null);
Insert into PAGOS.FECHASPAGO (CCONTRATO,FECHA1,FECHA2,FECHA3,FECHA4,FECHA5,FECHA6,FECHA7,FECHA8,FECHA9,COLUMN4,COLUMN5,COLUMN6) values (2,to_date('08/12/20','DD/MM/RR'),to_date('08/01/21','DD/MM/RR'),to_date('08/02/21','DD/MM/RR'),to_date('08/03/21','DD/MM/RR'),to_date('08/04/21','DD/MM/RR'),to_date('08/05/21','DD/MM/RR'),to_date('08/06/21','DD/MM/RR'),to_date('08/07/21','DD/MM/RR'),to_date('08/08/21','DD/MM/RR'),to_date('08/09/21','DD/MM/RR'),null,null);
Insert into PAGOS.FECHASPAGO (CCONTRATO,FECHA1,FECHA2,FECHA3,FECHA4,FECHA5,FECHA6,FECHA7,FECHA8,FECHA9,COLUMN4,COLUMN5,COLUMN6) values (3,to_date('08/12/20','DD/MM/RR'),to_date('08/01/21','DD/MM/RR'),to_date('08/02/21','DD/MM/RR'),to_date('08/03/21','DD/MM/RR'),to_date('08/04/21','DD/MM/RR'),to_date('08/05/21','DD/MM/RR'),null,null,null,null,null,null);
Insert into PAGOS.FECHASPAGO (CCONTRATO,FECHA1,FECHA2,FECHA3,FECHA4,FECHA5,FECHA6,FECHA7,FECHA8,FECHA9,COLUMN4,COLUMN5,COLUMN6) values (21,to_date('08/02/22','DD/MM/RR'),to_date('08/03/22','DD/MM/RR'),to_date('08/04/22','DD/MM/RR'),to_date('08/05/22','DD/MM/RR'),to_date('08/06/22','DD/MM/RR'),to_date('08/07/22','DD/MM/RR'),null,null,null,null,null,null);
Insert into PAGOS.FECHASPAGO (CCONTRATO,FECHA1,FECHA2,FECHA3,FECHA4,FECHA5,FECHA6,FECHA7,FECHA8,FECHA9,COLUMN4,COLUMN5,COLUMN6) values (22,to_date('08/02/22','DD/MM/RR'),to_date('08/03/22','DD/MM/RR'),to_date('08/04/22','DD/MM/RR'),null,null,null,null,null,null,null,null,null);
Insert into PAGOS.FECHASPAGO (CCONTRATO,FECHA1,FECHA2,FECHA3,FECHA4,FECHA5,FECHA6,FECHA7,FECHA8,FECHA9,COLUMN4,COLUMN5,COLUMN6) values (23,to_date('08/02/22','DD/MM/RR'),to_date('08/03/22','DD/MM/RR'),to_date('08/04/22','DD/MM/RR'),to_date('08/05/22','DD/MM/RR'),to_date('08/06/22','DD/MM/RR'),to_date('08/07/22','DD/MM/RR'),to_date('08/08/22','DD/MM/RR'),to_date('08/09/22','DD/MM/RR'),to_date('08/10/22','DD/MM/RR'),to_date('08/11/22','DD/MM/RR'),null,null);
Insert into PAGOS.FECHASPAGO (CCONTRATO,FECHA1,FECHA2,FECHA3,FECHA4,FECHA5,FECHA6,FECHA7,FECHA8,FECHA9,COLUMN4,COLUMN5,COLUMN6) values (24,to_date('08/02/22','DD/MM/RR'),to_date('08/03/22','DD/MM/RR'),to_date('08/04/22','DD/MM/RR'),to_date('08/05/22','DD/MM/RR'),to_date('08/06/22','DD/MM/RR'),to_date('08/07/22','DD/MM/RR'),null,null,null,null,null,null);
Insert into PAGOS.FECHASPAGO (CCONTRATO,FECHA1,FECHA2,FECHA3,FECHA4,FECHA5,FECHA6,FECHA7,FECHA8,FECHA9,COLUMN4,COLUMN5,COLUMN6) values (25,to_date('08/02/22','DD/MM/RR'),to_date('08/03/22','DD/MM/RR'),to_date('08/04/22','DD/MM/RR'),to_date('08/05/22','DD/MM/RR'),to_date('08/06/22','DD/MM/RR'),to_date('08/07/22','DD/MM/RR'),to_date('08/08/22','DD/MM/RR'),to_date('08/09/22','DD/MM/RR'),to_date('08/10/22','DD/MM/RR'),to_date('08/11/22','DD/MM/RR'),to_date('08/12/22','DD/MM/RR'),to_date('08/01/23','DD/MM/RR'));
Insert into PAGOS.FECHASPAGO (CCONTRATO,FECHA1,FECHA2,FECHA3,FECHA4,FECHA5,FECHA6,FECHA7,FECHA8,FECHA9,COLUMN4,COLUMN5,COLUMN6) values (26,to_date('09/02/22','DD/MM/RR'),to_date('09/03/22','DD/MM/RR'),to_date('09/04/22','DD/MM/RR'),null,null,null,null,null,null,null,null,null);
Insert into PAGOS.FECHASPAGO (CCONTRATO,FECHA1,FECHA2,FECHA3,FECHA4,FECHA5,FECHA6,FECHA7,FECHA8,FECHA9,COLUMN4,COLUMN5,COLUMN6) values (29,to_date('09/02/22','DD/MM/RR'),to_date('09/03/22','DD/MM/RR'),to_date('09/04/22','DD/MM/RR'),to_date('09/05/22','DD/MM/RR'),to_date('09/06/22','DD/MM/RR'),to_date('09/07/22','DD/MM/RR'),to_date('09/08/22','DD/MM/RR'),to_date('09/09/22','DD/MM/RR'),to_date('09/10/22','DD/MM/RR'),to_date('09/11/22','DD/MM/RR'),null,null);
Insert into PAGOS.FECHASPAGO (CCONTRATO,FECHA1,FECHA2,FECHA3,FECHA4,FECHA5,FECHA6,FECHA7,FECHA8,FECHA9,COLUMN4,COLUMN5,COLUMN6) values (30,to_date('09/02/22','DD/MM/RR'),to_date('09/03/22','DD/MM/RR'),to_date('09/04/22','DD/MM/RR'),to_date('09/05/22','DD/MM/RR'),to_date('09/06/22','DD/MM/RR'),to_date('09/07/22','DD/MM/RR'),to_date('09/08/22','DD/MM/RR'),to_date('09/09/22','DD/MM/RR'),to_date('09/10/22','DD/MM/RR'),to_date('09/11/22','DD/MM/RR'),null,null);
Insert into PAGOS.FECHASPAGO (CCONTRATO,FECHA1,FECHA2,FECHA3,FECHA4,FECHA5,FECHA6,FECHA7,FECHA8,FECHA9,COLUMN4,COLUMN5,COLUMN6) values (31,to_date('09/02/22','DD/MM/RR'),to_date('09/03/22','DD/MM/RR'),to_date('09/04/22','DD/MM/RR'),to_date('09/05/22','DD/MM/RR'),to_date('09/06/22','DD/MM/RR'),to_date('09/07/22','DD/MM/RR'),null,null,null,null,null,null);
Insert into PAGOS.FECHASPAGO (CCONTRATO,FECHA1,FECHA2,FECHA3,FECHA4,FECHA5,FECHA6,FECHA7,FECHA8,FECHA9,COLUMN4,COLUMN5,COLUMN6) values (27,to_date('09/02/22','DD/MM/RR'),to_date('09/03/22','DD/MM/RR'),to_date('09/04/22','DD/MM/RR'),null,null,null,null,null,null,null,null,null);
Insert into PAGOS.FECHASPAGO (CCONTRATO,FECHA1,FECHA2,FECHA3,FECHA4,FECHA5,FECHA6,FECHA7,FECHA8,FECHA9,COLUMN4,COLUMN5,COLUMN6) values (28,to_date('09/02/22','DD/MM/RR'),to_date('09/03/22','DD/MM/RR'),to_date('09/04/22','DD/MM/RR'),to_date('09/05/22','DD/MM/RR'),to_date('09/06/22','DD/MM/RR'),to_date('09/07/22','DD/MM/RR'),to_date('09/08/22','DD/MM/RR'),to_date('09/09/22','DD/MM/RR'),to_date('09/10/22','DD/MM/RR'),to_date('09/11/22','DD/MM/RR'),null,null);
Insert into PAGOS.FECHASPAGO (CCONTRATO,FECHA1,FECHA2,FECHA3,FECHA4,FECHA5,FECHA6,FECHA7,FECHA8,FECHA9,COLUMN4,COLUMN5,COLUMN6) values (32,to_date('09/02/22','DD/MM/RR'),to_date('09/03/22','DD/MM/RR'),to_date('09/04/22','DD/MM/RR'),to_date('09/05/22','DD/MM/RR'),to_date('09/06/22','DD/MM/RR'),to_date('09/07/22','DD/MM/RR'),to_date('09/08/22','DD/MM/RR'),to_date('09/09/22','DD/MM/RR'),to_date('09/10/22','DD/MM/RR'),to_date('09/11/22','DD/MM/RR'),null,null);
Insert into PAGOS.FECHASPAGO (CCONTRATO,FECHA1,FECHA2,FECHA3,FECHA4,FECHA5,FECHA6,FECHA7,FECHA8,FECHA9,COLUMN4,COLUMN5,COLUMN6) values (33,to_date('09/02/22','DD/MM/RR'),to_date('09/03/22','DD/MM/RR'),to_date('09/04/22','DD/MM/RR'),null,null,null,null,null,null,null,null,null);
Insert into PAGOS.FECHASPAGO (CCONTRATO,FECHA1,FECHA2,FECHA3,FECHA4,FECHA5,FECHA6,FECHA7,FECHA8,FECHA9,COLUMN4,COLUMN5,COLUMN6) values (34,to_date('09/02/22','DD/MM/RR'),to_date('09/03/22','DD/MM/RR'),to_date('09/04/22','DD/MM/RR'),null,null,null,null,null,null,null,null,null);
REM INSERTING into PAGOS.PRODUCTO
SET DEFINE OFF;
Insert into PAGOS.PRODUCTO (CPRODUCTO,NPRODUCTO,PPRODUCTO) values (21,'Refrigerador Mabe MB745','4500.0');
Insert into PAGOS.PRODUCTO (CPRODUCTO,NPRODUCTO,PPRODUCTO) values (22,'Estufa 4 Ornillas DS44','3222.79');
Insert into PAGOS.PRODUCTO (CPRODUCTO,NPRODUCTO,PPRODUCTO) values (23,'Amueblado Roble','5400.0');
Insert into PAGOS.PRODUCTO (CPRODUCTO,NPRODUCTO,PPRODUCTO) values (24,'Motocicleta RX250','12720.0');
Insert into PAGOS.PRODUCTO (CPRODUCTO,NPRODUCTO,PPRODUCTO) values (41,'Ropero Doble Cuerpo','2700.0');
Insert into PAGOS.PRODUCTO (CPRODUCTO,NPRODUCTO,PPRODUCTO) values (61,'Lavadora 6KG MABE','4200.0');
Insert into PAGOS.PRODUCTO (CPRODUCTO,NPRODUCTO,PPRODUCTO) values (81,'Dell G15','5000.0');
Insert into PAGOS.PRODUCTO (CPRODUCTO,NPRODUCTO,PPRODUCTO) values (102,'Equipo SONY','2500.0');
Insert into PAGOS.PRODUCTO (CPRODUCTO,NPRODUCTO,PPRODUCTO) values (83,'Teclado gamer Razer','550.0');
Insert into PAGOS.PRODUCTO (CPRODUCTO,NPRODUCTO,PPRODUCTO) values (84,'Silla Gamer Rizer','2000.0');
Insert into PAGOS.PRODUCTO (CPRODUCTO,NPRODUCTO,PPRODUCTO) values (101,'TV LG 43''''','3500.0');
Insert into PAGOS.PRODUCTO (CPRODUCTO,NPRODUCTO,PPRODUCTO) values (103,'Regulador Xtech','175.0');
Insert into PAGOS.PRODUCTO (CPRODUCTO,NPRODUCTO,PPRODUCTO) values (104,'Televisor Samsung 60''''','4800.0');
REM INSERTING into PAGOS.STOCK
SET DEFINE OFF;
Insert into PAGOS.STOCK (CPRODUCTO,CANTIDAD_STOCK) values (21,8);
Insert into PAGOS.STOCK (CPRODUCTO,CANTIDAD_STOCK) values (22,12);
Insert into PAGOS.STOCK (CPRODUCTO,CANTIDAD_STOCK) values (23,15);
Insert into PAGOS.STOCK (CPRODUCTO,CANTIDAD_STOCK) values (24,22);
Insert into PAGOS.STOCK (CPRODUCTO,CANTIDAD_STOCK) values (41,10);
Insert into PAGOS.STOCK (CPRODUCTO,CANTIDAD_STOCK) values (61,8);
Insert into PAGOS.STOCK (CPRODUCTO,CANTIDAD_STOCK) values (81,2);
Insert into PAGOS.STOCK (CPRODUCTO,CANTIDAD_STOCK) values (101,12);
Insert into PAGOS.STOCK (CPRODUCTO,CANTIDAD_STOCK) values (83,0);
Insert into PAGOS.STOCK (CPRODUCTO,CANTIDAD_STOCK) values (84,16);
Insert into PAGOS.STOCK (CPRODUCTO,CANTIDAD_STOCK) values (102,2);
Insert into PAGOS.STOCK (CPRODUCTO,CANTIDAD_STOCK) values (103,1);
Insert into PAGOS.STOCK (CPRODUCTO,CANTIDAD_STOCK) values (104,5);
--------------------------------------------------------
--  DDL for Index CLIENTE_PK
--------------------------------------------------------

  CREATE UNIQUE INDEX "PAGOS"."CLIENTE_PK" ON "PAGOS"."CLIENTES" ("CCLIENTE") 
  PCTFREE 10 INITRANS 2 MAXTRANS 255 COMPUTE STATISTICS 
  STORAGE(INITIAL 65536 NEXT 1048576 MINEXTENTS 1 MAXEXTENTS 2147483645
  PCTINCREASE 0 FREELISTS 1 FREELIST GROUPS 1 BUFFER_POOL DEFAULT FLASH_CACHE DEFAULT CELL_FLASH_CACHE DEFAULT)
  TABLESPACE "SYSTEM" ;
--------------------------------------------------------
--  DDL for Index CONTRATO_PK
--------------------------------------------------------

  CREATE UNIQUE INDEX "PAGOS"."CONTRATO_PK" ON "PAGOS"."CONTRATO" ("CCONTRATO") 
  PCTFREE 10 INITRANS 2 MAXTRANS 255 COMPUTE STATISTICS 
  STORAGE(INITIAL 65536 NEXT 1048576 MINEXTENTS 1 MAXEXTENTS 2147483645
  PCTINCREASE 0 FREELISTS 1 FREELIST GROUPS 1 BUFFER_POOL DEFAULT FLASH_CACHE DEFAULT CELL_FLASH_CACHE DEFAULT)
  TABLESPACE "SYSTEM" ;
--------------------------------------------------------
--  DDL for Index FACTURA_PK
--------------------------------------------------------

  CREATE UNIQUE INDEX "PAGOS"."FACTURA_PK" ON "PAGOS"."FACTURA" ("CFACTURA") 
  PCTFREE 10 INITRANS 2 MAXTRANS 255 COMPUTE STATISTICS 
  STORAGE(INITIAL 65536 NEXT 1048576 MINEXTENTS 1 MAXEXTENTS 2147483645
  PCTINCREASE 0 FREELISTS 1 FREELIST GROUPS 1 BUFFER_POOL DEFAULT FLASH_CACHE DEFAULT CELL_FLASH_CACHE DEFAULT)
  TABLESPACE "SYSTEM" ;
--------------------------------------------------------
--  DDL for Index PRODUCTO_PK
--------------------------------------------------------

  CREATE UNIQUE INDEX "PAGOS"."PRODUCTO_PK" ON "PAGOS"."PRODUCTO" ("CPRODUCTO") 
  PCTFREE 10 INITRANS 2 MAXTRANS 255 COMPUTE STATISTICS 
  STORAGE(INITIAL 65536 NEXT 1048576 MINEXTENTS 1 MAXEXTENTS 2147483645
  PCTINCREASE 0 FREELISTS 1 FREELIST GROUPS 1 BUFFER_POOL DEFAULT FLASH_CACHE DEFAULT CELL_FLASH_CACHE DEFAULT)
  TABLESPACE "SYSTEM" ;
--------------------------------------------------------
--  DDL for Index CLIENTE_PK
--------------------------------------------------------

  CREATE UNIQUE INDEX "PAGOS"."CLIENTE_PK" ON "PAGOS"."CLIENTES" ("CCLIENTE") 
  PCTFREE 10 INITRANS 2 MAXTRANS 255 COMPUTE STATISTICS 
  STORAGE(INITIAL 65536 NEXT 1048576 MINEXTENTS 1 MAXEXTENTS 2147483645
  PCTINCREASE 0 FREELISTS 1 FREELIST GROUPS 1 BUFFER_POOL DEFAULT FLASH_CACHE DEFAULT CELL_FLASH_CACHE DEFAULT)
  TABLESPACE "SYSTEM" ;
--------------------------------------------------------
--  DDL for Index CONTRATO_PK
--------------------------------------------------------

  CREATE UNIQUE INDEX "PAGOS"."CONTRATO_PK" ON "PAGOS"."CONTRATO" ("CCONTRATO") 
  PCTFREE 10 INITRANS 2 MAXTRANS 255 COMPUTE STATISTICS 
  STORAGE(INITIAL 65536 NEXT 1048576 MINEXTENTS 1 MAXEXTENTS 2147483645
  PCTINCREASE 0 FREELISTS 1 FREELIST GROUPS 1 BUFFER_POOL DEFAULT FLASH_CACHE DEFAULT CELL_FLASH_CACHE DEFAULT)
  TABLESPACE "SYSTEM" ;
--------------------------------------------------------
--  DDL for Index FACTURA_PK
--------------------------------------------------------

  CREATE UNIQUE INDEX "PAGOS"."FACTURA_PK" ON "PAGOS"."FACTURA" ("CFACTURA") 
  PCTFREE 10 INITRANS 2 MAXTRANS 255 COMPUTE STATISTICS 
  STORAGE(INITIAL 65536 NEXT 1048576 MINEXTENTS 1 MAXEXTENTS 2147483645
  PCTINCREASE 0 FREELISTS 1 FREELIST GROUPS 1 BUFFER_POOL DEFAULT FLASH_CACHE DEFAULT CELL_FLASH_CACHE DEFAULT)
  TABLESPACE "SYSTEM" ;
--------------------------------------------------------
--  DDL for Index PRODUCTO_PK
--------------------------------------------------------

  CREATE UNIQUE INDEX "PAGOS"."PRODUCTO_PK" ON "PAGOS"."PRODUCTO" ("CPRODUCTO") 
  PCTFREE 10 INITRANS 2 MAXTRANS 255 COMPUTE STATISTICS 
  STORAGE(INITIAL 65536 NEXT 1048576 MINEXTENTS 1 MAXEXTENTS 2147483645
  PCTINCREASE 0 FREELISTS 1 FREELIST GROUPS 1 BUFFER_POOL DEFAULT FLASH_CACHE DEFAULT CELL_FLASH_CACHE DEFAULT)
  TABLESPACE "SYSTEM" ;
--------------------------------------------------------
--  DDL for Trigger CLIENTES_TRG
--------------------------------------------------------

  CREATE OR REPLACE TRIGGER "PAGOS"."CLIENTES_TRG" 
BEFORE INSERT ON PAGOS.CLIENTES 
FOR EACH ROW 
BEGIN
  <<COLUMN_SEQUENCES>>
  BEGIN
    IF INSERTING AND :NEW.CCLIENTE IS NULL THEN
      SELECT CLIENTES_SEQ1.NEXTVAL INTO :NEW.CCLIENTE FROM SYS.DUAL;
    END IF;
  END COLUMN_SEQUENCES;
END;




/
ALTER TRIGGER "PAGOS"."CLIENTES_TRG" ENABLE;
--------------------------------------------------------
--  DDL for Trigger CONTRATO_TRG
--------------------------------------------------------

  CREATE OR REPLACE TRIGGER "PAGOS"."CONTRATO_TRG" 
BEFORE INSERT ON PAGOS.CONTRATO 
FOR EACH ROW 
BEGIN
  <<COLUMN_SEQUENCES>>
  BEGIN
    IF INSERTING AND :NEW.CCONTRATO IS NULL THEN
      SELECT CONTRATO_SEQ5.NEXTVAL INTO :NEW.CCONTRATO FROM SYS.DUAL;
    END IF;
  END COLUMN_SEQUENCES;
END;


/
ALTER TRIGGER "PAGOS"."CONTRATO_TRG" ENABLE;
--------------------------------------------------------
--  DDL for Trigger FACTURA_TRG
--------------------------------------------------------

  CREATE OR REPLACE TRIGGER "PAGOS"."FACTURA_TRG" 
BEFORE INSERT ON PAGOS.FACTURA 
FOR EACH ROW 
BEGIN
  <<COLUMN_SEQUENCES>>
  BEGIN
    IF INSERTING AND :NEW.CFACTURA IS NULL THEN
      SELECT FACTURA_SEQ3.NEXTVAL INTO :NEW.CFACTURA FROM SYS.DUAL;
    END IF;
  END COLUMN_SEQUENCES;
END;


/
ALTER TRIGGER "PAGOS"."FACTURA_TRG" ENABLE;
--------------------------------------------------------
--  DDL for Trigger PRODUCTO_TRG
--------------------------------------------------------

  CREATE OR REPLACE TRIGGER "PAGOS"."PRODUCTO_TRG" 
BEFORE INSERT ON PAGOS.PRODUCTO 
FOR EACH ROW 
BEGIN
  <<COLUMN_SEQUENCES>>
  BEGIN
    IF INSERTING AND :NEW.CPRODUCTO IS NULL THEN
      SELECT PRODUCTO_SEQ.NEXTVAL INTO :NEW.CPRODUCTO FROM SYS.DUAL;
    END IF;
  END COLUMN_SEQUENCES;
END;




/
ALTER TRIGGER "PAGOS"."PRODUCTO_TRG" ENABLE;
--------------------------------------------------------
--  DDL for Trigger CLIENTES_TRG
--------------------------------------------------------

  CREATE OR REPLACE TRIGGER "PAGOS"."CLIENTES_TRG" 
BEFORE INSERT ON PAGOS.CLIENTES 
FOR EACH ROW 
BEGIN
  <<COLUMN_SEQUENCES>>
  BEGIN
    IF INSERTING AND :NEW.CCLIENTE IS NULL THEN
      SELECT CLIENTES_SEQ1.NEXTVAL INTO :NEW.CCLIENTE FROM SYS.DUAL;
    END IF;
  END COLUMN_SEQUENCES;
END;




/
ALTER TRIGGER "PAGOS"."CLIENTES_TRG" ENABLE;
--------------------------------------------------------
--  DDL for Trigger CONTRATO_TRG
--------------------------------------------------------

  CREATE OR REPLACE TRIGGER "PAGOS"."CONTRATO_TRG" 
BEFORE INSERT ON PAGOS.CONTRATO 
FOR EACH ROW 
BEGIN
  <<COLUMN_SEQUENCES>>
  BEGIN
    IF INSERTING AND :NEW.CCONTRATO IS NULL THEN
      SELECT CONTRATO_SEQ5.NEXTVAL INTO :NEW.CCONTRATO FROM SYS.DUAL;
    END IF;
  END COLUMN_SEQUENCES;
END;


/
ALTER TRIGGER "PAGOS"."CONTRATO_TRG" ENABLE;
--------------------------------------------------------
--  DDL for Trigger FACTURA_TRG
--------------------------------------------------------

  CREATE OR REPLACE TRIGGER "PAGOS"."FACTURA_TRG" 
BEFORE INSERT ON PAGOS.FACTURA 
FOR EACH ROW 
BEGIN
  <<COLUMN_SEQUENCES>>
  BEGIN
    IF INSERTING AND :NEW.CFACTURA IS NULL THEN
      SELECT FACTURA_SEQ3.NEXTVAL INTO :NEW.CFACTURA FROM SYS.DUAL;
    END IF;
  END COLUMN_SEQUENCES;
END;


/
ALTER TRIGGER "PAGOS"."FACTURA_TRG" ENABLE;
--------------------------------------------------------
--  DDL for Trigger PRODUCTO_TRG
--------------------------------------------------------

  CREATE OR REPLACE TRIGGER "PAGOS"."PRODUCTO_TRG" 
BEFORE INSERT ON PAGOS.PRODUCTO 
FOR EACH ROW 
BEGIN
  <<COLUMN_SEQUENCES>>
  BEGIN
    IF INSERTING AND :NEW.CPRODUCTO IS NULL THEN
      SELECT PRODUCTO_SEQ.NEXTVAL INTO :NEW.CPRODUCTO FROM SYS.DUAL;
    END IF;
  END COLUMN_SEQUENCES;
END;




/
ALTER TRIGGER "PAGOS"."PRODUCTO_TRG" ENABLE;
--------------------------------------------------------
--  Constraints for Table CLIENTES
--------------------------------------------------------

  ALTER TABLE "PAGOS"."CLIENTES" ADD CONSTRAINT "CLIENTE_PK" PRIMARY KEY ("CCLIENTE")
  USING INDEX PCTFREE 10 INITRANS 2 MAXTRANS 255 COMPUTE STATISTICS 
  STORAGE(INITIAL 65536 NEXT 1048576 MINEXTENTS 1 MAXEXTENTS 2147483645
  PCTINCREASE 0 FREELISTS 1 FREELIST GROUPS 1 BUFFER_POOL DEFAULT FLASH_CACHE DEFAULT CELL_FLASH_CACHE DEFAULT)
  TABLESPACE "SYSTEM"  ENABLE;
  ALTER TABLE "PAGOS"."CLIENTES" MODIFY ("TCLIENTE" NOT NULL ENABLE);
  ALTER TABLE "PAGOS"."CLIENTES" MODIFY ("NITCLIENTE" NOT NULL ENABLE);
  ALTER TABLE "PAGOS"."CLIENTES" MODIFY ("DCLIENTE" NOT NULL ENABLE);
  ALTER TABLE "PAGOS"."CLIENTES" MODIFY ("ACLIENTE" NOT NULL ENABLE);
  ALTER TABLE "PAGOS"."CLIENTES" MODIFY ("NCLIENTE" NOT NULL ENABLE);
  ALTER TABLE "PAGOS"."CLIENTES" MODIFY ("CCLIENTE" NOT NULL ENABLE);
--------------------------------------------------------
--  Constraints for Table CONTRATO
--------------------------------------------------------

  ALTER TABLE "PAGOS"."CONTRATO" MODIFY ("CCONTRATO" NOT NULL ENABLE);
  ALTER TABLE "PAGOS"."CONTRATO" MODIFY ("CCLIENTE" NOT NULL ENABLE);
  ALTER TABLE "PAGOS"."CONTRATO" MODIFY ("CFACTURA" NOT NULL ENABLE);
  ALTER TABLE "PAGOS"."CONTRATO" MODIFY ("FECHAINICIAL" NOT NULL ENABLE);
  ALTER TABLE "PAGOS"."CONTRATO" MODIFY ("CUOTAS" NOT NULL ENABLE);
  ALTER TABLE "PAGOS"."CONTRATO" MODIFY ("CUOTASPAGADAS" NOT NULL ENABLE);
  ALTER TABLE "PAGOS"."CONTRATO" MODIFY ("CUOTASRESTANTES" NOT NULL ENABLE);
  ALTER TABLE "PAGOS"."CONTRATO" MODIFY ("MCUOTA" NOT NULL ENABLE);
  ALTER TABLE "PAGOS"."CONTRATO" MODIFY ("SALDO" NOT NULL ENABLE);
  ALTER TABLE "PAGOS"."CONTRATO" ADD CONSTRAINT "CONTRATO_PK" PRIMARY KEY ("CCONTRATO")
  USING INDEX PCTFREE 10 INITRANS 2 MAXTRANS 255 COMPUTE STATISTICS 
  STORAGE(INITIAL 65536 NEXT 1048576 MINEXTENTS 1 MAXEXTENTS 2147483645
  PCTINCREASE 0 FREELISTS 1 FREELIST GROUPS 1 BUFFER_POOL DEFAULT FLASH_CACHE DEFAULT CELL_FLASH_CACHE DEFAULT)
  TABLESPACE "SYSTEM"  ENABLE;
--------------------------------------------------------
--  Constraints for Table FACTURA
--------------------------------------------------------

  ALTER TABLE "PAGOS"."FACTURA" MODIFY ("CFACTURA" NOT NULL ENABLE);
  ALTER TABLE "PAGOS"."FACTURA" MODIFY ("FECHA" NOT NULL ENABLE);
  ALTER TABLE "PAGOS"."FACTURA" MODIFY ("CCLIENTE" NOT NULL ENABLE);
  ALTER TABLE "PAGOS"."FACTURA" ADD CONSTRAINT "FACTURA_PK" PRIMARY KEY ("CFACTURA")
  USING INDEX PCTFREE 10 INITRANS 2 MAXTRANS 255 COMPUTE STATISTICS 
  STORAGE(INITIAL 65536 NEXT 1048576 MINEXTENTS 1 MAXEXTENTS 2147483645
  PCTINCREASE 0 FREELISTS 1 FREELIST GROUPS 1 BUFFER_POOL DEFAULT FLASH_CACHE DEFAULT CELL_FLASH_CACHE DEFAULT)
  TABLESPACE "SYSTEM"  ENABLE;
  ALTER TABLE "PAGOS"."FACTURA" MODIFY ("DIRECCION" NOT NULL ENABLE);
  ALTER TABLE "PAGOS"."FACTURA" MODIFY ("NITCLIENTE" NOT NULL ENABLE);
  ALTER TABLE "PAGOS"."FACTURA" MODIFY ("CPRODUCTO" NOT NULL ENABLE);
  ALTER TABLE "PAGOS"."FACTURA" MODIFY ("NPRODUCTO" NOT NULL ENABLE);
  ALTER TABLE "PAGOS"."FACTURA" MODIFY ("NOMBRE" NOT NULL ENABLE);
  ALTER TABLE "PAGOS"."FACTURA" MODIFY ("CUOTAS" NOT NULL ENABLE);
  ALTER TABLE "PAGOS"."FACTURA" MODIFY ("MCUOTAS" NOT NULL ENABLE);
  ALTER TABLE "PAGOS"."FACTURA" MODIFY ("PPRODUCTO" NOT NULL ENABLE);
--------------------------------------------------------
--  Constraints for Table FECHASPAGO
--------------------------------------------------------

  ALTER TABLE "PAGOS"."FECHASPAGO" MODIFY ("CCONTRATO" NOT NULL ENABLE);
--------------------------------------------------------
--  Constraints for Table PRODUCTO
--------------------------------------------------------

  ALTER TABLE "PAGOS"."PRODUCTO" ADD CONSTRAINT "PRODUCTO_PK" PRIMARY KEY ("CPRODUCTO")
  USING INDEX PCTFREE 10 INITRANS 2 MAXTRANS 255 COMPUTE STATISTICS 
  STORAGE(INITIAL 65536 NEXT 1048576 MINEXTENTS 1 MAXEXTENTS 2147483645
  PCTINCREASE 0 FREELISTS 1 FREELIST GROUPS 1 BUFFER_POOL DEFAULT FLASH_CACHE DEFAULT CELL_FLASH_CACHE DEFAULT)
  TABLESPACE "SYSTEM"  ENABLE;
  ALTER TABLE "PAGOS"."PRODUCTO" MODIFY ("PPRODUCTO" NOT NULL ENABLE);
  ALTER TABLE "PAGOS"."PRODUCTO" MODIFY ("NPRODUCTO" NOT NULL ENABLE);
  ALTER TABLE "PAGOS"."PRODUCTO" MODIFY ("CPRODUCTO" NOT NULL ENABLE);
--------------------------------------------------------
--  Constraints for Table STOCK
--------------------------------------------------------

  ALTER TABLE "PAGOS"."STOCK" MODIFY ("CANTIDAD_STOCK" NOT NULL ENABLE);
  ALTER TABLE "PAGOS"."STOCK" MODIFY ("CPRODUCTO" NOT NULL ENABLE);
